DATE,PN,CN
20190201,-0.12988168852669849,4450
20190202,-0.1298816885266988,5343
20190203,-0.1298816885266986,5191
20190204,-0.1298816885266985,4511
20190205,-0.1298816885266982,3559
20190206,-0.12988168852669818,4185
20190207,-0.12988168852669835,3335
20190208,-0.12988168852669826,3835
20190209,-0.12988168852669854,5025
20190210,-0.12988168852669846,4714
20190211,-0.12988168852669824,3460
20190212,-0.12988168852669837,3235
20190213,-0.12988168852669832,3868
20190214,-0.1298816885266986,4478
20190215,-0.12988168852669865,4519
20190216,-0.12988168852669885,6335
20190217,-0.12988168852669885,5443
20190218,-0.1298816885266984,3867
20190219,-0.12988168852669835,3371
20190220,-0.12988168852669846,3849
20190221,-0.12988168852669846,3833
20190222,-0.12988168852669854,4262
20190223,-0.12988168852669899,6690
20190224,-0.12988168852669885,5661
20190225,-0.1298816885266983,3907
20190226,-0.12988168852669837,3793
20190227,-0.12988168852669854,4030
20190228,-0.12988168852669865,4338
20190301,-0.24523608173642766,6521
20190302,-0.24523608173642805,6447
20190303,-0.2452360817364284,4895
20190304,-0.24523608173642902,3150
20190305,-0.24523608173642902,3033
20190306,-0.24523608173642905,3373
20190307,-0.24523608173642902,3163
20190308,-0.24523608173642897,3786
20190309,-0.2452360817364282,5395
20190310,-0.2452360817364287,4826
20190311,-0.24523608173642905,3304
20190312,-0.24523608173642902,3280
20190313,-0.24523608173642902,3497
20190314,-0.24523608173642888,3945
20190315,-0.24523608173642872,4009
20190316,-0.24523608173642775,6280
20190317,-0.24523608173642847,5161
20190318,-0.24523608173642902,3383
20190319,-0.24523608173642905,3273
20190320,-0.24523608173642902,3774
20190321,-0.2452360817364289,3572
20190322,-0.2452360817364286,4086
20190323,-0.2452360817364278,6178
20190324,-0.24523608173642852,4994
20190325,-0.24523608173642902,3274
20190326,-0.24523608173642905,3295
20190327,-0.24523608173642905,3549
20190328,-0.24523608173642905,3804
20190329,-0.2452360817364288,4258
20190330,-0.2452360817364276,6184
20190331,-0.24523608173642852,4943
20190401,-0.5726537959916255,3203
20190402,-0.5726537959916245,3296
20190403,-0.5726537959916242,3608
20190404,-0.5726537959916246,3646
20190405,-0.5726537959916242,3838
20190406,-0.5726537959916225,5917
20190407,-0.5726537959916236,4959
20190408,-0.572653795991626,3233
20190409,-0.5726537959916248,3398
20190410,-0.5726537959916247,3474
20190411,-0.5726537959916248,3677
20190412,-0.572653795991623,4497
20190413,-0.5726537959916224,5831
20190414,-0.5726537959916236,4695
20190415,-0.5726537959916252,3341
20190416,-0.5726537959916252,3661
20190417,-0.5726537959916246,3456
20190418,-0.572653795991625,3847
20190419,-0.5726537959916246,4170
20190420,-0.5726537959916227,6517
20190421,-0.5726537959916234,5098
20190422,-0.5726537959916256,3486
20190423,-0.572653795991625,3560
20190424,-0.5726537959916242,3715
20190425,-0.5726537959916245,4058
20190426,-0.5726537959916236,4355
20190427,-0.5726537959916225,6104
20190428,-0.5726537959916237,5241
20190429,-0.5726537959916254,3387
20190430,-0.5726537959916247,3894
20190501,-0.5188040807843208,3887
20190502,-0.5188040807843208,3249
20190503,-0.5188040807843208,3880
20190504,-0.5188040807843208,5712
20190505,-0.5188040807843208,5680
20190506,-0.5188040807843208,4341
20190507,-0.5188040807843208,3419
20190508,-0.5188040807843208,3903
20190509,-0.5188040807843208,3578
20190510,-0.5188040807843208,3976
20190511,-0.5188040807843208,5969
20190512,-0.5188040807843208,5054
20190513,-0.5188040807843208,3222
20190514,-0.5188040807843208,3519
20190515,-0.5188040807843208,3507
20190516,-0.5188040807843208,3697
20190517,-0.5188040807843208,4277
20190518,-0.5188040807843208,6131
20190519,-0.5188040807843208,4962
20190520,-0.5188040807843208,3572
20190521,-0.5188040807843208,3408
20190522,-0.5188040807843208,3487
20190523,-0.5188040807843208,3601
20190524,-0.5188040807843208,4262
20190525,-0.5188040807843208,6686
20190526,-0.5188040807843208,4977
20190527,-0.5188040807843208,3539
20190528,-0.5188040807843208,3535
20190529,-0.5188040807843208,3629
20190530,-0.5188040807843208,3808
20190531,-0.5188040807843208,4388
20200201,-0.10184521675109814,4725
20200202,-0.10184521675109816,3828
20200203,-0.10184521675109819,3130
20200204,-0.10184521675109819,3376
20200205,-0.10184521675109819,3423
20200206,-0.10184521675109817,3337
20200207,-0.10184521675109817,3681
20200208,-0.10184521675109817,4163
20200209,-0.10184521675109817,3923
20200210,-0.10184521675109819,3319
20200211,-0.10184521675109817,3388
20200212,-0.10184521675109819,3007
20200213,-0.10184521675109817,3557
20200214,-0.10184521675109817,4454
20200215,-0.10184521675109816,4879
20200216,-0.10184521675109816,4279
20200217,-0.1018452167510982,3137
20200218,-0.1018452167510982,3395
20200219,-0.10184521675109821,3221
20200220,-0.1018452167510982,3366
20200221,-0.10184521675109823,3308
20200222,-0.10184521675109821,3628
20200223,-0.10184521675109823,3116
20200224,-0.10184521675109826,2749
20200225,-0.10184521675109831,2321
20200226,-0.10184521675109827,2463
20200227,-0.10184521675109831,2165
20200228,-0.10184521675109827,2420
20200229,-0.10184521675109826,2628
20200301,0.7370842893918339,2281
20200302,0.7370842893918346,2011
20200303,0.7370842893918338,1794
20200304,0.7370842893918337,1870
20200305,0.7370842893918337,1994
20200306,0.7370842893918353,2427
20200307,0.7370842893918355,2830
20200308,0.737084289391834,2483
20200309,0.7370842893918339,1941
20200310,0.7370842893918337,1938
20200311,0.737084289391835,2200
20200312,0.7370842893918339,2239
20200313,0.7370842893918345,2592
20200314,0.737084289391836,3525
20200315,0.7370842893918351,2855
20200316,0.7370842893918338,1985
20200317,0.7370842893918338,1895
20200318,0.7370842893918342,1911
20200319,0.7370842893918337,2023
20200320,0.737084289391834,2289
20200321,0.7370842893918345,2911
20200322,0.7370842893918346,2814
20200323,0.7370842893918338,1719
20200324,0.7370842893918339,1862
20200325,0.7370842893918337,1849
20200326,0.7370842893918337,1923
20200327,0.7370842893918353,2224
20200328,0.7370842893918351,3208
20200329,0.7370842893918355,2540
20200330,0.7370842893918338,1876
20200331,0.7370842893918337,1917
20200401,-0.5253404080867767,2021
20200402,-0.5253404080867767,2092
20200403,-0.5253404080867767,2289
20200404,-0.5253404080867767,3132
20200405,-0.5253404080867767,2486
20200406,-0.5253404080867767,1838
20200407,-0.5253404080867767,1759
20200408,-0.5253404080867767,1786
20200409,-0.5253404080867767,1909
20200410,-0.5253404080867767,2081
20200411,-0.5253404080867767,3498
20200412,-0.5253404080867767,2798
20200413,-0.5253404080867767,2010
20200414,-0.5253404080867767,2273
20200415,-0.5253404080867767,2392
20200416,-0.5253404080867767,1989
20200417,-0.5253404080867767,2366
20200418,-0.5253404080867767,3385
20200419,-0.5253404080867767,2971
20200420,-0.5253404080867767,1897
20200421,-0.5253404080867767,2251
20200422,-0.5253404080867767,2107
20200423,-0.5253404080867767,2225
20200424,-0.5253404080867767,2688
20200425,-0.5253404080867767,3940
20200426,-0.5253404080867767,3469
20200427,-0.5253404080867767,2097
20200428,-0.5253404080867767,2326
20200429,-0.5253404080867767,2706
20200430,-0.5253404080867767,4216
20200501,-0.5076049500041516,3883
20200502,-0.5076049500041516,4162
20200503,-0.5076049500041515,3941
20200504,-0.5076049500041518,3379
20200505,-0.5076049500041517,3672
20200506,-0.5076049500041518,2323
20200507,-0.5076049500041517,2549
20200508,-0.5076049500041517,2921
20200509,-0.5076049500041515,4008
20200510,-0.5076049500041516,3636
20200511,-0.5076049500041518,2424
20200512,-0.5076049500041518,2147
20200513,-0.5076049500041517,2423
20200514,-0.5076049500041516,2814
20200515,-0.5076049500041516,3018
20200516,-0.5076049500041515,4349
20200517,-0.5076049500041515,4161
20200518,-0.5076049500041517,2627
20200519,-0.5076049500041517,2500
20200520,-0.5076049500041517,2523
20200521,-0.5076049500041516,2933
20200522,-0.5076049500041516,3480
20200523,-0.5076049500041515,4459
20200524,-0.5076049500041516,4174
20200525,-0.5076049500041517,2563
20200526,-0.5076049500041516,2707
20200527,-0.5076049500041517,2882
20200528,-0.5076049500041517,2733
20200529,-0.5076049500041516,3392
20200530,-0.5076049500041515,4585
20200531,-0.5076049500041516,4318
